0,0,,0,2,,0,0,,0,19,,0,100,,0,10
1,7409,,1,3,,1,34,,1,7,,1,100,,1,8
2,0,,2,2,,2,93,,2,3,,2,102,,2,6
3,0,,3,4,,3,327,,3,10,,3,102,,3,6
4,0,,4,2,,4,898,,4,25,,4,119,,4,4
5,0,,5,1,,5,1170,,5,39,,5,119,,5,5
6,0,,6,2,,6,1330,,6,56,,6,109,,6,12
7,0,,7,0,,7,1229,,7,69,,7,97,,7,4
8,0,,8,3,,8,958,,8,72,,8,93,,8,7
9,0,,9,0,,9,635,,9,58,,9,120,,9,8
10,0,,10,2,,10,390,,10,36,,10,110,,10,9
11,0,,11,2,,11,197,,11,13,,11,121,,11,7
12,0,,12,0,,12,95,,12,9,,12,100,,12,3
13,0,,13,1,,13,37,,13,5,,13,89,,13,4
14,0,,14,0,,14,11,,14,19,,14,102,,14,7
15,0,,15,1,,15,3,,15,25,,15,94,,15,4
16,0,,16,0,,16,2,,16,44,,16,125,,16,16
17,0,,17,1,,17,0,,17,41,,17,106,,17,9
18,0,,18,0,,18,0,,18,33,,18,95,,18,8
19,0,,19,0,,19,0,,19,20,,19,90,,19,2
20,0,,20,0,,20,0,,20,11,,20,129,,20,10
21,0,,21,0,,21,0,,21,8,,21,98,,21,10
22,0,,22,0,,22,0,,22,7,,22,112,,22,5
23,0,,23,1,,23,0,,23,17,,23,94,,23,4
24,0,,24,0,,24,0,,24,22,,24,92,,24,6
25,0,,25,0,,25,0,,25,15,,25,97,,25,6
26,0,,26,0,,26,0,,26,16,,26,100,,26,12
27,0,,27,2,,27,0,,27,9,,27,113,,27,1
28,0,,28,1,,28,0,,28,4,,28,113,,28,5
29,0,,29,0,,29,0,,29,4,,29,110,,29,7
30,0,,30,1,,30,0,,30,11,,30,98,,30,8
31,0,,31,0,,31,0,,31,8,,31,111,,31,9
32,0,,32,3,,32,0,,32,7,,32,13,,32,10
33,0,,33,0,,33,0,,33,1,,33,10,,33,9
34,0,,34,0,,34,0,,34,4,,34,15,,34,7
35,0,,35,1,,35,0,,35,2,,35,12,,35,5
36,0,,36,0,,36,0,,36,2,,36,12,,36,7
37,0,,37,1,,37,0,,37,2,,37,15,,37,8
38,0,,38,1,,38,0,,38,3,,38,13,,38,6
39,0,,39,2,,39,0,,39,0,,39,15,,39,7
40,0,,40,3,,40,0,,40,0,,40,11,,40,5
41,0,,41,0,,41,0,,41,2,,41,14,,41,7
42,0,,42,1,,42,0,,42,2,,42,12,,42,12
43,0,,43,3,,43,0,,43,0,,43,11,,43,9
44,0,,44,2,,44,0,,44,0,,44,10,,44,6
45,0,,45,3,,45,0,,45,1,,45,9,,45,11
46,0,,46,1,,46,0,,46,0,,46,13,,46,8
47,0,,47,3,,47,0,,47,0,,47,14,,47,8
48,0,,48,4,,48,0,,48,0,,48,20,,48,6
49,0,,49,5,,49,0,,49,0,,49,16,,49,5
50,0,,50,1,,50,0,,50,0,,50,16,,50,12
51,0,,51,4,,51,0,,51,0,,51,10,,51,6
52,0,,52,1,,52,0,,52,0,,52,19,,52,3
53,0,,53,5,,53,0,,53,0,,53,16,,53,9
54,0,,54,1,,54,0,,54,0,,54,12,,54,5
55,0,,55,3,,55,0,,55,0,,55,6,,55,5
56,0,,56,5,,56,0,,56,0,,56,15,,56,6
57,0,,57,5,,57,0,,57,0,,57,15,,57,8
58,0,,58,8,,58,0,,58,0,,58,9,,58,9
59,0,,59,6,,59,0,,59,0,,59,15,,59,6
60,0,,60,2,,60,0,,60,0,,60,17,,60,3
61,0,,61,2,,61,0,,61,0,,61,11,,61,6
62,0,,62,5,,62,0,,62,0,,62,6,,62,5
63,0,,63,4,,63,0,,63,0,,63,15,,63,7
64,0,,64,8,,64,0,,64,0,,64,14,,64,9
65,0,,65,11,,65,0,,65,1,,65,19,,65,12
66,0,,66,5,,66,0,,66,1,,66,15,,66,6
67,0,,67,14,,67,0,,67,1,,67,16,,67,6
68,0,,68,3,,68,0,,68,0,,68,7,,68,8
69,0,,69,5,,69,0,,69,1,,69,11,,69,8
70,0,,70,4,,70,0,,70,1,,70,19,,70,9
71,0,,71,13,,71,0,,71,1,,71,16,,71,6
72,0,,72,10,,72,0,,72,1,,72,8,,72,3
73,0,,73,6,,73,0,,73,4,,73,17,,73,8
74,0,,74,7,,74,0,,74,4,,74,11,,74,8
75,0,,75,6,,75,0,,75,0,,75,21,,75,4
76,0,,76,8,,76,0,,76,5,,76,14,,76,11
77,0,,77,11,,77,0,,77,4,,77,7,,77,7
78,0,,78,5,,78,0,,78,6,,78,15,,78,14
79,0,,79,7,,79,0,,79,7,,79,11,,79,11
80,0,,80,8,,80,0,,80,9,,80,17,,80,5
81,0,,81,7,,81,0,,81,4,,81,8,,81,11
82,0,,82,11,,82,0,,82,7,,82,18,,82,7
83,0,,83,9,,83,0,,83,6,,83,20,,83,5
84,0,,84,7,,84,0,,84,6,,84,13,,84,10
85,0,,85,7,,85,0,,85,3,,85,8,,85,7
86,0,,86,4,,86,0,,86,3,,86,19,,86,6
87,0,,87,10,,87,0,,87,6,,87,6,,87,8
88,0,,88,7,,88,0,,88,5,,88,19,,88,5
89,0,,89,7,,89,0,,89,1,,89,9,,89,5
90,0,,90,13,,90,0,,90,6,,90,20,,90,9
91,0,,91,4,,91,0,,91,6,,91,11,,91,3
92,0,,92,6,,92,0,,92,4,,92,13,,92,10
93,0,,93,3,,93,0,,93,5,,93,17,,93,8
94,0,,94,5,,94,0,,94,13,,94,13,,94,3
95,0,,95,3,,95,0,,95,18,,95,12,,95,8
96,0,,96,7,,96,0,,96,22,,96,90,,96,7
97,0,,97,8,,97,0,,97,29,,97,98,,97,6
98,0,,98,8,,98,0,,98,48,,98,116,,98,8
99,0,,99,5,,99,0,,99,63,,99,99,,99,4
100,0,,100,6,,100,0,,100,114,,100,94,,100,8
101,0,,101,10,,101,0,,101,140,,101,92,,101,8
102,0,,102,5,,102,0,,102,239,,102,103,,102,15
103,0,,103,1,,103,0,,103,344,,103,112,,103,6
104,0,,104,5,,104,0,,104,481,,104,103,,104,7
105,0,,105,2,,105,0,,105,635,,105,99,,105,8
106,0,,106,3,,106,0,,106,810,,106,98,,106,11
107,0,,107,3,,107,0,,107,831,,107,111,,107,8
108,0,,108,4,,108,0,,108,839,,108,97,,108,8
109,0,,109,2,,109,0,,109,716,,109,90,,109,7
110,0,,110,2,,110,0,,110,514,,110,97,,110,6
111,0,,111,2,,111,0,,111,315,,111,107,,111,6
112,0,,112,3,,112,0,,112,181,,112,86,,112,11
113,0,,113,2,,113,0,,113,108,,113,101,,113,5
114,0,,114,3,,114,0,,114,41,,114,106,,114,6
115,0,,115,3,,115,0,,115,26,,115,82,,115,10
116,0,,116,3,,116,0,,116,7,,116,106,,116,5
117,0,,117,0,,117,0,,117,2,,117,91,,117,4
118,0,,118,1,,118,0,,118,1,,118,105,,118,6
119,0,,119,1,,119,0,,119,1,,119,99,,119,9
120,0,,120,1,,120,0,,120,1,,120,100,,120,5
121,0,,121,1,,121,0,,121,1,,121,96,,121,2
122,0,,122,1,,122,0,,122,0,,122,90,,122,9
123,0,,123,1,,123,0,,123,0,,123,101,,123,5
124,0,,124,3,,124,0,,124,0,,124,99,,124,4
125,0,,125,0,,125,0,,125,0,,125,125,,125,10
126,0,,126,1,,126,0,,126,0,,126,98,,126,11
127,0,,127,1,,127,0,,127,0,,127,97,,127,6
128,0,,128,0,,128,0,,128,0,,128,0,,128,10
129,0,,129,0,,129,0,,129,0,,129,0,,129,6
130,0,,130,0,,130,0,,130,0,,130,0,,130,4
131,0,,131,0,,131,0,,131,0,,131,0,,131,10
132,0,,132,0,,132,0,,132,0,,132,0,,132,4
133,0,,133,1,,133,0,,133,0,,133,0,,133,8
134,0,,134,0,,134,0,,134,0,,134,0,,134,3
135,0,,135,0,,135,0,,135,0,,135,0,,135,9
136,0,,136,0,,136,0,,136,0,,136,0,,136,3
137,0,,137,1,,137,0,,137,0,,137,0,,137,5
138,0,,138,0,,138,0,,138,0,,138,0,,138,9
139,0,,139,1,,139,0,,139,0,,139,0,,139,11
140,0,,140,0,,140,0,,140,0,,140,0,,140,12
141,0,,141,0,,141,0,,141,0,,141,0,,141,6
142,0,,142,1,,142,0,,142,0,,142,0,,142,8
143,0,,143,0,,143,0,,143,0,,143,0,,143,12
144,0,,144,0,,144,0,,144,0,,144,0,,144,3
145,0,,145,1,,145,0,,145,0,,145,0,,145,8
146,0,,146,2,,146,0,,146,0,,146,0,,146,14
147,0,,147,0,,147,0,,147,0,,147,0,,147,11
148,0,,148,1,,148,0,,148,0,,148,0,,148,4
149,0,,149,3,,149,0,,149,0,,149,0,,149,4
150,0,,150,0,,150,0,,150,0,,150,0,,150,8
151,0,,151,1,,151,0,,151,0,,151,0,,151,5
152,0,,152,0,,152,0,,152,0,,152,0,,152,9
153,0,,153,1,,153,0,,153,0,,153,0,,153,6
154,0,,154,1,,154,0,,154,0,,154,0,,154,12
155,0,,155,1,,155,0,,155,0,,155,0,,155,9
156,0,,156,1,,156,0,,156,0,,156,0,,156,2
157,0,,157,2,,157,0,,157,0,,157,0,,157,8
158,0,,158,1,,158,0,,158,0,,158,0,,158,3
159,0,,159,4,,159,0,,159,0,,159,0,,159,6
160,0,,160,0,,160,0,,160,0,,160,0,,160,8
161,0,,161,3,,161,0,,161,0,,161,0,,161,7
162,0,,162,4,,162,0,,162,0,,162,0,,162,5
163,0,,163,3,,163,0,,163,0,,163,0,,163,9
164,0,,164,4,,164,0,,164,0,,164,0,,164,8
165,0,,165,1,,165,0,,165,0,,165,0,,165,7
166,0,,166,2,,166,0,,166,0,,166,0,,166,10
167,0,,167,2,,167,0,,167,0,,167,0,,167,7
168,0,,168,2,,168,0,,168,0,,168,0,,168,7
169,0,,169,3,,169,0,,169,0,,169,0,,169,6
170,0,,170,4,,170,0,,170,0,,170,0,,170,8
171,0,,171,4,,171,0,,171,0,,171,0,,171,9
172,0,,172,2,,172,0,,172,0,,172,0,,172,8
173,0,,173,5,,173,0,,173,0,,173,0,,173,8
174,0,,174,3,,174,0,,174,0,,174,0,,174,7
175,0,,175,5,,175,0,,175,0,,175,0,,175,6
176,0,,176,8,,176,0,,176,0,,176,0,,176,5
177,0,,177,5,,177,0,,177,0,,177,0,,177,7
178,0,,178,2,,178,0,,178,0,,178,0,,178,5
179,0,,179,7,,179,0,,179,0,,179,0,,179,10
180,0,,180,6,,180,0,,180,0,,180,0,,180,10
181,0,,181,6,,181,0,,181,0,,181,0,,181,12
182,0,,182,8,,182,0,,182,0,,182,0,,182,3
183,0,,183,5,,183,0,,183,0,,183,0,,183,8
184,0,,184,0,,184,0,,184,0,,184,0,,184,3
185,0,,185,2,,185,0,,185,0,,185,0,,185,5
186,0,,186,4,,186,0,,186,0,,186,0,,186,8
187,0,,187,6,,187,0,,187,0,,187,0,,187,12
188,0,,188,6,,188,0,,188,0,,188,0,,188,5
189,0,,189,9,,189,0,,189,0,,189,0,,189,2
190,0,,190,3,,190,0,,190,0,,190,0,,190,8
191,0,,191,4,,191,0,,191,0,,191,0,,191,7
192,0,,192,3,,192,0,,192,0,,192,0,,192,4
193,0,,193,5,,193,0,,193,0,,193,0,,193,8
194,0,,194,3,,194,0,,194,0,,194,0,,194,8
195,0,,195,5,,195,0,,195,0,,195,0,,195,7
196,0,,196,3,,196,0,,196,0,,196,0,,196,9
197,0,,197,6,,197,0,,197,0,,197,0,,197,6
198,0,,198,3,,198,0,,198,0,,198,0,,198,8
199,0,,199,4,,199,0,,199,0,,199,0,,199,6
200,0,,200,7,,200,0,,200,0,,200,0,,200,7
201,0,,201,3,,201,0,,201,0,,201,0,,201,7
202,0,,202,7,,202,0,,202,0,,202,0,,202,5
203,0,,203,4,,203,0,,203,0,,203,0,,203,5
204,0,,204,1,,204,0,,204,0,,204,0,,204,11
205,0,,205,7,,205,0,,205,0,,205,0,,205,4
206,0,,206,3,,206,0,,206,0,,206,0,,206,7
207,0,,207,7,,207,0,,207,0,,207,0,,207,8
208,0,,208,1,,208,0,,208,0,,208,0,,208,13
209,0,,209,6,,209,0,,209,0,,209,0,,209,12
210,0,,210,3,,210,0,,210,0,,210,0,,210,11
211,0,,211,3,,211,0,,211,0,,211,0,,211,3
212,0,,212,3,,212,0,,212,0,,212,0,,212,5
213,0,,213,8,,213,0,,213,0,,213,0,,213,8
214,0,,214,2,,214,0,,214,0,,214,0,,214,5
215,0,,215,3,,215,0,,215,0,,215,0,,215,7
216,0,,216,2,,216,0,,216,0,,216,0,,216,14
217,0,,217,3,,217,0,,217,0,,217,0,,217,5
218,0,,218,4,,218,0,,218,0,,218,0,,218,4
219,0,,219,5,,219,0,,219,0,,219,0,,219,5
220,0,,220,2,,220,0,,220,0,,220,0,,220,8
221,0,,221,6,,221,0,,221,0,,221,0,,221,8
222,0,,222,2,,222,0,,222,0,,222,0,,222,7
223,0,,223,0,,223,0,,223,0,,223,0,,223,6
224,0,,224,1,,224,0,,224,0,,224,0,,224,12
225,0,,225,2,,225,0,,225,0,,225,0,,225,9
226,0,,226,1,,226,0,,226,0,,226,0,,226,6
227,0,,227,3,,227,0,,227,0,,227,0,,227,4
228,0,,228,3,,228,0,,228,0,,228,0,,228,4
229,0,,229,1,,229,0,,229,0,,229,0,,229,6
230,0,,230,2,,230,0,,230,0,,230,0,,230,7
231,0,,231,1,,231,0,,231,0,,231,0,,231,8
232,0,,232,3,,232,0,,232,0,,232,0,,232,4
233,0,,233,3,,233,0,,233,0,,233,0,,233,2
234,0,,234,1,,234,0,,234,0,,234,0,,234,5
235,0,,235,3,,235,0,,235,0,,235,0,,235,5
236,0,,236,0,,236,0,,236,0,,236,0,,236,6
237,0,,237,2,,237,0,,237,0,,237,0,,237,5
238,0,,238,1,,238,0,,238,0,,238,0,,238,9
239,0,,239,0,,239,0,,239,0,,239,0,,239,9
240,0,,240,0,,240,0,,240,0,,240,0,,240,12
241,0,,241,0,,241,0,,241,0,,241,0,,241,5
242,0,,242,0,,242,0,,242,0,,242,0,,242,4
243,0,,243,1,,243,0,,243,0,,243,0,,243,7
244,0,,244,0,,244,0,,244,0,,244,0,,244,12
245,0,,245,0,,245,0,,245,0,,245,0,,245,8
246,0,,246,0,,246,0,,246,0,,246,0,,246,9
247,0,,247,4,,247,0,,247,0,,247,0,,247,13
248,0,,248,0,,248,0,,248,0,,248,0,,248,5
249,0,,249,2,,249,0,,249,0,,249,0,,249,7
250,0,,250,2,,250,0,,250,0,,250,0,,250,10
251,0,,251,0,,251,0,,251,0,,251,0,,251,8
252,0,,252,0,,252,0,,252,0,,252,0,,252,8
253,0,,253,2,,253,0,,253,0,,253,0,,253,8
254,0,,254,1,,254,0,,254,0,,254,0,,254,6
255,0,,255,0,,255,0,,255,0,,255,0,,255,9
256,0,,256,0,,256,0,,256,0,,256,0,,256,9
257,0,,257,0,,257,0,,257,0,,257,0,,257,6
258,0,,258,0,,258,0,,258,0,,258,0,,258,7
259,0,,259,0,,259,0,,259,0,,259,0,,259,9
260,0,,260,0,,260,0,,260,0,,260,0,,260,7
261,0,,261,2,,261,0,,261,0,,261,0,,261,5
262,0,,262,1,,262,0,,262,0,,262,0,,262,7
263,0,,263,0,,263,0,,263,0,,263,0,,263,9
264,0,,264,2,,264,0,,264,0,,264,0,,264,10
265,0,,265,0,,265,0,,265,0,,265,0,,265,6
266,0,,266,2,,266,0,,266,0,,266,0,,266,4
267,0,,267,0,,267,0,,267,0,,267,0,,267,5
268,0,,268,1,,268,0,,268,0,,268,0,,268,8
269,0,,269,1,,269,0,,269,0,,269,0,,269,6
270,0,,270,1,,270,0,,270,0,,270,0,,270,8
271,0,,271,0,,271,0,,271,0,,271,0,,271,6
272,0,,272,0,,272,0,,272,0,,272,0,,272,3
273,0,,273,2,,273,0,,273,0,,273,0,,273,16
274,0,,274,3,,274,0,,274,0,,274,0,,274,9
275,0,,275,2,,275,0,,275,0,,275,0,,275,9
276,0,,276,2,,276,0,,276,0,,276,0,,276,8
277,0,,277,1,,277,0,,277,0,,277,0,,277,10
278,0,,278,0,,278,0,,278,0,,278,0,,278,6
279,0,,279,1,,279,0,,279,0,,279,0,,279,6
280,0,,280,1,,280,0,,280,0,,280,0,,280,6
281,0,,281,2,,281,0,,281,0,,281,0,,281,10
282,0,,282,4,,282,0,,282,0,,282,0,,282,5
283,0,,283,1,,283,0,,283,0,,283,0,,283,5
284,0,,284,2,,284,0,,284,0,,284,0,,284,4
285,0,,285,6,,285,0,,285,0,,285,0,,285,7
286,0,,286,3,,286,0,,286,0,,286,0,,286,7
287,0,,287,4,,287,0,,287,0,,287,0,,287,7
288,0,,288,7,,288,0,,288,0,,288,0,,288,10
289,0,,289,3,,289,0,,289,0,,289,0,,289,4
290,0,,290,3,,290,0,,290,0,,290,0,,290,4
291,0,,291,5,,291,0,,291,0,,291,0,,291,5
292,0,,292,3,,292,0,,292,0,,292,0,,292,7
293,0,,293,3,,293,0,,293,0,,293,0,,293,10
294,0,,294,8,,294,0,,294,0,,294,0,,294,8
295,0,,295,5,,295,0,,295,0,,295,0,,295,4
296,0,,296,4,,296,0,,296,0,,296,0,,296,10
297,0,,297,3,,297,0,,297,0,,297,0,,297,12
298,0,,298,4,,298,0,,298,0,,298,0,,298,5
299,0,,299,7,,299,0,,299,0,,299,0,,299,9
300,0,,300,6,,300,0,,300,0,,300,0,,300,4
301,0,,301,5,,301,0,,301,0,,301,0,,301,3
302,0,,302,6,,302,0,,302,0,,302,0,,302,9
303,0,,303,3,,303,0,,303,0,,303,0,,303,7
304,0,,304,7,,304,0,,304,0,,304,0,,304,6
305,0,,305,6,,305,0,,305,0,,305,0,,305,3
306,0,,306,9,,306,0,,306,0,,306,0,,306,8
307,0,,307,2,,307,0,,307,0,,307,0,,307,8
308,0,,308,8,,308,0,,308,0,,308,0,,308,6
309,0,,309,3,,309,0,,309,0,,309,0,,309,11
310,0,,310,6,,310,0,,310,0,,310,0,,310,7
311,0,,311,7,,311,0,,311,0,,311,0,,311,10
312,0,,312,10,,312,0,,312,0,,312,0,,312,6
313,0,,313,4,,313,0,,313,0,,313,0,,313,8
314,0,,314,11,,314,0,,314,0,,314,0,,314,8
315,0,,315,7,,315,0,,315,0,,315,0,,315,12
316,0,,316,10,,316,0,,316,0,,316,0,,316,8
317,0,,317,10,,317,0,,317,0,,317,0,,317,7
318,0,,318,8,,318,0,,318,0,,318,0,,318,8
319,0,,319,6,,319,0,,319,0,,319,0,,319,14
320,0,,320,12,,320,0,,320,0,,320,0,,320,7
321,0,,321,7,,321,0,,321,0,,321,0,,321,15
322,0,,322,13,,322,0,,322,0,,322,0,,322,5
323,0,,323,5,,323,0,,323,0,,323,0,,323,6
324,0,,324,8,,324,0,,324,0,,324,0,,324,8
325,0,,325,9,,325,0,,325,0,,325,0,,325,10
326,0,,326,9,,326,0,,326,0,,326,0,,326,9
327,0,,327,9,,327,0,,327,0,,327,0,,327,5
328,0,,328,11,,328,0,,328,0,,328,0,,328,10
329,0,,329,5,,329,0,,329,0,,329,0,,329,6
330,0,,330,12,,330,0,,330,0,,330,0,,330,6
331,0,,331,8,,331,0,,331,0,,331,0,,331,8
332,0,,332,4,,332,0,,332,0,,332,0,,332,9
333,0,,333,7,,333,0,,333,0,,333,0,,333,10
334,0,,334,5,,334,0,,334,0,,334,0,,334,5
335,0,,335,8,,335,0,,335,0,,335,0,,335,7
336,0,,336,7,,336,0,,336,0,,336,0,,336,5
337,0,,337,7,,337,0,,337,0,,337,0,,337,9
338,0,,338,4,,338,0,,338,0,,338,0,,338,6
339,0,,339,3,,339,0,,339,0,,339,0,,339,17
340,0,,340,6,,340,0,,340,0,,340,0,,340,4
341,0,,341,4,,341,0,,341,0,,341,0,,341,9
342,0,,342,2,,342,0,,342,0,,342,0,,342,6
343,0,,343,2,,343,0,,343,0,,343,0,,343,9
344,0,,344,5,,344,0,,344,0,,344,0,,344,8
345,0,,345,2,,345,0,,345,0,,345,0,,345,7
346,0,,346,3,,346,0,,346,0,,346,0,,346,10
347,0,,347,0,,347,0,,347,0,,347,0,,347,9
348,0,,348,2,,348,0,,348,0,,348,0,,348,8
349,0,,349,1,,349,0,,349,0,,349,0,,349,17
350,0,,350,1,,350,0,,350,0,,350,0,,350,9
351,0,,351,1,,351,0,,351,0,,351,0,,351,10
352,0,,352,0,,352,0,,352,0,,352,0,,352,5
353,0,,353,1,,353,0,,353,0,,353,0,,353,11
354,0,,354,1,,354,0,,354,0,,354,0,,354,6
355,0,,355,1,,355,0,,355,0,,355,0,,355,13
356,0,,356,0,,356,0,,356,0,,356,0,,356,6
357,0,,357,0,,357,0,,357,0,,357,0,,357,8
358,0,,358,0,,358,0,,358,0,,358,0,,358,2
359,0,,359,0,,359,0,,359,0,,359,0,,359,12
360,0,,360,0,,360,0,,360,0,,360,0,,360,8
361,0,,361,0,,361,0,,361,0,,361,0,,361,10
362,0,,362,0,,362,0,,362,0,,362,0,,362,9
363,0,,363,0,,363,0,,363,0,,363,0,,363,6
364,0,,364,0,,364,0,,364,0,,364,0,,364,5
365,0,,365,0,,365,0,,365,0,,365,0,,365,11
366,0,,366,0,,366,0,,366,0,,366,0,,366,11
367,0,,367,1,,367,0,,367,0,,367,0,,367,8
368,0,,368,1,,368,0,,368,0,,368,0,,368,5
369,0,,369,2,,369,0,,369,0,,369,0,,369,7
370,0,,370,1,,370,0,,370,0,,370,0,,370,5
371,0,,371,1,,371,0,,371,0,,371,0,,371,6
372,0,,372,0,,372,0,,372,0,,372,0,,372,8
373,0,,373,0,,373,0,,373,0,,373,0,,373,6
374,0,,374,1,,374,0,,374,0,,374,0,,374,6
375,0,,375,1,,375,0,,375,0,,375,0,,375,5
376,0,,376,0,,376,0,,376,0,,376,0,,376,4
377,0,,377,1,,377,0,,377,0,,377,0,,377,9
378,0,,378,1,,378,0,,378,0,,378,0,,378,5
379,0,,379,0,,379,0,,379,0,,379,0,,379,8
380,0,,380,2,,380,0,,380,0,,380,0,,380,8
381,0,,381,2,,381,0,,381,0,,381,0,,381,7
382,0,,382,6,,382,0,,382,0,,382,0,,382,6
383,0,,383,2,,383,0,,383,0,,383,0,,383,8
384,0,,384,3,,384,0,,384,0,,384,0,,384,6
385,0,,385,3,,385,0,,385,0,,385,0,,385,7
386,0,,386,1,,386,0,,386,0,,386,0,,386,6
387,0,,387,1,,387,0,,387,0,,387,0,,387,4
388,0,,388,3,,388,0,,388,0,,388,0,,388,9
389,0,,389,3,,389,0,,389,0,,389,0,,389,5
390,0,,390,4,,390,0,,390,0,,390,0,,390,8
391,0,,391,0,,391,0,,391,0,,391,0,,391,10
392,0,,392,3,,392,0,,392,0,,392,0,,392,9
393,0,,393,3,,393,0,,393,0,,393,0,,393,4
394,0,,394,5,,394,0,,394,0,,394,0,,394,8
395,0,,395,4,,395,0,,395,0,,395,0,,395,8
396,0,,396,3,,396,0,,396,0,,396,0,,396,5
397,0,,397,3,,397,0,,397,0,,397,0,,397,5
398,0,,398,8,,398,0,,398,0,,398,0,,398,6
399,0,,399,5,,399,0,,399,0,,399,0,,399,10
400,0,,400,4,,400,0,,400,0,,400,0,,400,8
401,0,,401,10,,401,0,,401,0,,401,0,,401,2
402,0,,402,7,,402,0,,402,0,,402,0,,402,5
403,0,,403,7,,403,0,,403,0,,403,0,,403,6
404,0,,404,9,,404,0,,404,0,,404,0,,404,8
405,0,,405,5,,405,0,,405,0,,405,0,,405,8
406,0,,406,10,,406,0,,406,0,,406,0,,406,9
407,0,,407,5,,407,0,,407,0,,407,0,,407,7
408,0,,408,9,,408,0,,408,0,,408,0,,408,13
409,0,,409,7,,409,0,,409,0,,409,0,,409,13
410,0,,410,12,,410,0,,410,0,,410,0,,410,10
411,0,,411,14,,411,0,,411,0,,411,0,,411,5
412,0,,412,19,,412,0,,412,0,,412,0,,412,4
413,0,,413,7,,413,0,,413,0,,413,0,,413,6
414,0,,414,17,,414,0,,414,0,,414,0,,414,7
415,0,,415,16,,415,0,,415,0,,415,0,,415,9
416,0,,416,22,,416,0,,416,0,,416,0,,416,2
417,0,,417,19,,417,0,,417,0,,417,0,,417,3
418,0,,418,21,,418,0,,418,0,,418,0,,418,4
419,0,,419,13,,419,0,,419,0,,419,0,,419,3
420,0,,420,22,,420,0,,420,0,,420,0,,420,6
421,0,,421,13,,421,0,,421,0,,421,0,,421,10
422,0,,422,21,,422,0,,422,0,,422,0,,422,5
423,0,,423,20,,423,0,,423,0,,423,0,,423,6
424,0,,424,21,,424,0,,424,0,,424,0,,424,8
425,0,,425,25,,425,0,,425,0,,425,0,,425,7
426,0,,426,24,,426,0,,426,0,,426,0,,426,9
427,0,,427,27,,427,0,,427,0,,427,0,,427,14
428,0,,428,19,,428,0,,428,0,,428,0,,428,15
429,0,,429,18,,429,0,,429,0,,429,0,,429,6
430,0,,430,18,,430,0,,430,0,,430,0,,430,8
431,0,,431,22,,431,0,,431,0,,431,0,,431,6
432,0,,432,22,,432,0,,432,0,,432,0,,432,8
433,0,,433,14,,433,0,,433,0,,433,0,,433,8
434,0,,434,26,,434,0,,434,0,,434,0,,434,4
435,0,,435,19,,435,0,,435,0,,435,0,,435,5
436,0,,436,19,,436,0,,436,0,,436,0,,436,12
437,0,,437,27,,437,0,,437,0,,437,0,,437,6
438,0,,438,12,,438,0,,438,0,,438,0,,438,5
439,0,,439,17,,439,0,,439,0,,439,0,,439,13
440,0,,440,26,,440,0,,440,0,,440,0,,440,8
441,0,,441,14,,441,0,,441,0,,441,0,,441,10
442,0,,442,19,,442,0,,442,0,,442,0,,442,7
443,0,,443,14,,443,0,,443,0,,443,0,,443,8
444,0,,444,16,,444,0,,444,0,,444,0,,444,10
445,0,,445,9,,445,0,,445,0,,445,0,,445,8
446,0,,446,15,,446,0,,446,0,,446,0,,446,5
447,0,,447,15,,447,0,,447,0,,447,0,,447,2
448,0,,448,13,,448,0,,448,0,,448,0,,448,12
449,0,,449,9,,449,0,,449,0,,449,0,,449,8
450,0,,450,10,,450,0,,450,0,,450,0,,450,4
451,0,,451,9,,451,0,,451,0,,451,0,,451,5
452,0,,452,7,,452,0,,452,0,,452,0,,452,9
453,0,,453,6,,453,0,,453,0,,453,0,,453,14
454,0,,454,12,,454,0,,454,0,,454,0,,454,5
455,0,,455,2,,455,0,,455,0,,455,0,,455,5
456,0,,456,5,,456,0,,456,0,,456,0,,456,8
457,0,,457,3,,457,0,,457,0,,457,0,,457,10
458,0,,458,1,,458,0,,458,0,,458,0,,458,4
459,0,,459,3,,459,0,,459,0,,459,0,,459,11
460,0,,460,1,,460,0,,460,0,,460,0,,460,7
461,0,,461,2,,461,0,,461,0,,461,0,,461,5
462,0,,462,1,,462,0,,462,0,,462,0,,462,8
463,0,,463,2,,463,0,,463,0,,463,0,,463,6
464,0,,464,0,,464,0,,464,0,,464,0,,464,4
465,0,,465,0,,465,0,,465,0,,465,0,,465,10
466,0,,466,0,,466,0,,466,0,,466,0,,466,3
467,0,,467,1,,467,0,,467,0,,467,0,,467,7
468,0,,468,0,,468,0,,468,0,,468,0,,468,8
469,0,,469,1,,469,0,,469,0,,469,0,,469,6
470,0,,470,0,,470,0,,470,0,,470,0,,470,3
471,0,,471,0,,471,0,,471,0,,471,0,,471,9
472,0,,472,0,,472,0,,472,0,,472,0,,472,6
473,0,,473,0,,473,0,,473,0,,473,0,,473,9
474,0,,474,0,,474,0,,474,0,,474,0,,474,8
475,0,,475,0,,475,0,,475,0,,475,0,,475,6
476,0,,476,0,,476,0,,476,0,,476,0,,476,8
477,0,,477,1,,477,0,,477,0,,477,0,,477,9
478,0,,478,1,,478,0,,478,0,,478,0,,478,12
479,0,,479,0,,479,0,,479,0,,479,0,,479,8
480,0,,480,0,,480,0,,480,0,,480,0,,480,6
481,0,,481,1,,481,0,,481,0,,481,0,,481,4
482,0,,482,1,,482,0,,482,0,,482,0,,482,8
483,0,,483,1,,483,0,,483,0,,483,0,,483,6
484,0,,484,1,,484,0,,484,0,,484,0,,484,7
485,0,,485,2,,485,0,,485,0,,485,0,,485,10
486,0,,486,3,,486,0,,486,0,,486,0,,486,12
487,0,,487,0,,487,0,,487,0,,487,0,,487,8
488,0,,488,1,,488,0,,488,0,,488,0,,488,4
489,0,,489,2,,489,0,,489,0,,489,0,,489,6
490,0,,490,3,,490,0,,490,0,,490,0,,490,4
491,0,,491,0,,491,0,,491,0,,491,0,,491,7
492,0,,492,3,,492,0,,492,0,,492,0,,492,9
493,0,,493,1,,493,0,,493,0,,493,0,,493,7
494,0,,494,2,,494,0,,494,0,,494,0,,494,6
495,0,,495,3,,495,0,,495,0,,495,0,,495,6
496,0,,496,1,,496,0,,496,0,,496,0,,496,14
497,0,,497,2,,497,0,,497,0,,497,0,,497,7
498,0,,498,4,,498,0,,498,0,,498,0,,498,8
499,0,,499,5,,499,0,,499,0,,499,0,,499,3
500,0,,500,3,,500,0,,500,0,,500,0,,500,9
501,0,,501,1,,501,0,,501,0,,501,0,,501,6
502,0,,502,3,,502,0,,502,0,,502,0,,502,10
503,0,,503,4,,503,0,,503,0,,503,0,,503,11
504,0,,504,8,,504,0,,504,0,,504,0,,504,7
505,0,,505,8,,505,0,,505,0,,505,0,,505,9
506,0,,506,5,,506,0,,506,0,,506,0,,506,10
507,0,,507,5,,507,0,,507,0,,507,0,,507,5
508,0,,508,4,,508,0,,508,0,,508,0,,508,5
509,0,,509,12,,509,0,,509,0,,509,0,,509,7
510,0,,510,6,,510,0,,510,0,,510,0,,510,4
511,0,,511,8,,511,0,,511,0,,511,0,,511,10
512,0,,512,11,,512,0,,512,0,,512,0,,512,5
513,0,,513,12,,513,0,,513,0,,513,0,,513,6
514,0,,514,6,,514,0,,514,0,,514,0,,514,6
515,0,,515,11,,515,0,,515,0,,515,0,,515,12
516,0,,516,14,,516,0,,516,0,,516,0,,516,4
517,0,,517,16,,517,0,,517,0,,517,0,,517,5
518,0,,518,14,,518,0,,518,0,,518,0,,518,12
519,0,,519,11,,519,0,,519,0,,519,0,,519,8
520,0,,520,18,,520,0,,520,0,,520,0,,520,8
521,0,,521,13,,521,0,,521,0,,521,0,,521,5
522,0,,522,15,,522,0,,522,0,,522,0,,522,8
523,0,,523,17,,523,0,,523,0,,523,0,,523,9
524,0,,524,17,,524,0,,524,0,,524,0,,524,5
525,0,,525,19,,525,0,,525,0,,525,0,,525,11
526,0,,526,17,,526,0,,526,0,,526,0,,526,10
527,0,,527,20,,527,0,,527,0,,527,0,,527,8
528,0,,528,20,,528,0,,528,0,,528,0,,528,6
529,0,,529,32,,529,0,,529,0,,529,0,,529,11
530,0,,530,25,,530,0,,530,0,,530,0,,530,13
531,0,,531,30,,531,0,,531,0,,531,0,,531,6
532,0,,532,31,,532,0,,532,0,,532,0,,532,8
533,0,,533,20,,533,0,,533,0,,533,0,,533,7
534,0,,534,24,,534,0,,534,0,,534,0,,534,7
535,0,,535,25,,535,0,,535,0,,535,0,,535,6
536,0,,536,29,,536,0,,536,0,,536,0,,536,2
537,0,,537,28,,537,0,,537,0,,537,0,,537,9
538,0,,538,27,,538,0,,538,0,,538,0,,538,7
539,0,,539,22,,539,0,,539,0,,539,0,,539,2
540,0,,540,27,,540,0,,540,0,,540,0,,540,10
541,0,,541,32,,541,0,,541,0,,541,0,,541,7
542,0,,542,32,,542,0,,542,0,,542,0,,542,8
543,0,,543,23,,543,0,,543,0,,543,0,,543,8
544,0,,544,24,,544,0,,544,0,,544,0,,544,8
545,0,,545,27,,545,0,,545,0,,545,0,,545,8
546,0,,546,25,,546,0,,546,0,,546,0,,546,9
547,0,,547,22,,547,0,,547,0,,547,0,,547,13
548,0,,548,18,,548,0,,548,0,,548,0,,548,5
549,0,,549,21,,549,0,,549,0,,549,0,,549,9
550,0,,550,17,,550,0,,550,0,,550,0,,550,11
551,0,,551,14,,551,0,,551,0,,551,0,,551,7
552,0,,552,25,,552,0,,552,0,,552,0,,552,9
553,0,,553,18,,553,0,,553,0,,553,0,,553,6
554,0,,554,22,,554,0,,554,0,,554,0,,554,10
555,0,,555,19,,555,0,,555,0,,555,0,,555,6
556,0,,556,14,,556,0,,556,0,,556,0,,556,8
557,0,,557,24,,557,0,,557,0,,557,0,,557,5
558,0,,558,11,,558,0,,558,0,,558,0,,558,8
559,0,,559,11,,559,0,,559,0,,559,0,,559,10
560,0,,560,12,,560,0,,560,0,,560,0,,560,10
561,0,,561,14,,561,0,,561,0,,561,0,,561,10
562,0,,562,12,,562,0,,562,0,,562,0,,562,6
563,0,,563,7,,563,0,,563,0,,563,0,,563,10
564,0,,564,8,,564,0,,564,0,,564,0,,564,8
565,0,,565,2,,565,0,,565,0,,565,0,,565,10
566,0,,566,8,,566,0,,566,0,,566,0,,566,6
567,0,,567,2,,567,0,,567,0,,567,0,,567,11
568,0,,568,3,,568,0,,568,0,,568,0,,568,5
569,0,,569,12,,569,0,,569,0,,569,0,,569,4
570,0,,570,3,,570,0,,570,0,,570,0,,570,8
571,0,,571,3,,571,0,,571,0,,571,0,,571,11
572,0,,572,1,,572,0,,572,0,,572,0,,572,9
573,0,,573,2,,573,0,,573,0,,573,0,,573,4
574,0,,574,0,,574,0,,574,0,,574,0,,574,7
575,0,,575,3,,575,0,,575,0,,575,0,,575,8
576,0,,576,3,,576,0,,576,0,,576,0,,576,5
577,0,,577,2,,577,0,,577,0,,577,0,,577,10
578,0,,578,2,,578,0,,578,0,,578,0,,578,9
579,0,,579,1,,579,0,,579,0,,579,0,,579,7
580,0,,580,0,,580,0,,580,0,,580,0,,580,11
581,0,,581,1,,581,0,,581,0,,581,0,,581,5
582,0,,582,2,,582,0,,582,0,,582,0,,582,7
583,0,,583,1,,583,0,,583,0,,583,0,,583,11
584,0,,584,0,,584,0,,584,0,,584,0,,584,9
585,0,,585,1,,585,0,,585,0,,585,0,,585,5
586,0,,586,0,,586,0,,586,0,,586,0,,586,9
587,0,,587,2,,587,0,,587,0,,587,0,,587,6
588,0,,588,3,,588,0,,588,0,,588,0,,588,4
589,0,,589,1,,589,0,,589,0,,589,0,,589,12
590,0,,590,2,,590,0,,590,0,,590,0,,590,9
591,0,,591,4,,591,0,,591,0,,591,0,,591,8
592,0,,592,1,,592,0,,592,0,,592,0,,592,13
593,0,,593,3,,593,0,,593,0,,593,0,,593,8
594,0,,594,3,,594,0,,594,0,,594,0,,594,5
595,0,,595,2,,595,0,,595,0,,595,0,,595,8
596,0,,596,2,,596,0,,596,0,,596,0,,596,6
597,0,,597,6,,597,0,,597,0,,597,0,,597,14
598,0,,598,2,,598,0,,598,0,,598,0,,598,6
599,0,,599,1,,599,0,,599,0,,599,0,,599,3
600,0,,600,5,,600,0,,600,0,,600,0,,600,12
601,0,,601,3,,601,0,,601,0,,601,0,,601,4
602,0,,602,6,,602,0,,602,0,,602,0,,602,5
603,0,,603,2,,603,0,,603,0,,603,0,,603,1
604,0,,604,4,,604,0,,604,0,,604,0,,604,8
605,0,,605,3,,605,0,,605,0,,605,0,,605,7
606,0,,606,3,,606,0,,606,0,,606,0,,606,3
607,0,,607,5,,607,0,,607,0,,607,0,,607,8
608,0,,608,4,,608,0,,608,0,,608,0,,608,2
609,0,,609,4,,609,0,,609,0,,609,0,,609,11
610,0,,610,8,,610,0,,610,0,,610,0,,610,5
611,0,,611,2,,611,0,,611,0,,611,0,,611,6
612,0,,612,7,,612,0,,612,0,,612,0,,612,8
613,0,,613,6,,613,0,,613,0,,613,0,,613,11
614,0,,614,8,,614,0,,614,0,,614,0,,614,9
615,0,,615,10,,615,0,,615,0,,615,0,,615,6
616,0,,616,15,,616,0,,616,0,,616,0,,616,6
617,0,,617,17,,617,0,,617,0,,617,0,,617,5
618,0,,618,14,,618,0,,618,0,,618,0,,618,7
619,0,,619,11,,619,0,,619,0,,619,0,,619,5
620,0,,620,5,,620,0,,620,0,,620,0,,620,9
621,0,,621,14,,621,0,,621,0,,621,0,,621,7
622,0,,622,14,,622,0,,622,0,,622,0,,622,9
623,0,,623,14,,623,0,,623,0,,623,0,,623,8
624,0,,624,14,,624,0,,624,0,,624,0,,624,5
625,0,,625,14,,625,0,,625,0,,625,0,,625,14
626,0,,626,18,,626,0,,626,0,,626,0,,626,8
627,0,,627,19,,627,0,,627,0,,627,0,,627,8
628,0,,628,19,,628,0,,628,0,,628,0,,628,9
629,0,,629,23,,629,0,,629,0,,629,0,,629,9
630,0,,630,18,,630,0,,630,0,,630,0,,630,3
631,0,,631,20,,631,0,,631,0,,631,0,,631,10
632,0,,632,29,,632,0,,632,0,,632,0,,632,4
633,0,,633,26,,633,0,,633,0,,633,0,,633,9
634,0,,634,17,,634,0,,634,0,,634,0,,634,3
635,0,,635,21,,635,0,,635,0,,635,0,,635,4
636,0,,636,22,,636,0,,636,0,,636,0,,636,6
637,0,,637,27,,637,0,,637,0,,637,0,,637,9
638,0,,638,24,,638,0,,638,0,,638,0,,638,5
639,0,,639,25,,639,0,,639,0,,639,0,,639,5
640,0,,640,24,,640,0,,640,0,,640,0,,640,10
641,0,,641,29,,641,0,,641,0,,641,0,,641,2
642,0,,642,30,,642,0,,642,0,,642,0,,642,3
643,0,,643,16,,643,0,,643,0,,643,0,,643,8
644,0,,644,28,,644,0,,644,0,,644,0,,644,5
645,0,,645,25,,645,0,,645,0,,645,0,,645,6
646,0,,646,26,,646,0,,646,0,,646,0,,646,14
647,0,,647,38,,647,0,,647,0,,647,0,,647,11
648,0,,648,29,,648,0,,648,0,,648,0,,648,11
649,0,,649,40,,649,0,,649,0,,649,0,,649,10
650,0,,650,24,,650,0,,650,0,,650,0,,650,6
651,0,,651,23,,651,0,,651,0,,651,0,,651,7
652,0,,652,27,,652,0,,652,0,,652,0,,652,6
653,0,,653,23,,653,0,,653,0,,653,0,,653,7
654,0,,654,15,,654,0,,654,0,,654,0,,654,10
655,0,,655,32,,655,0,,655,0,,655,0,,655,5
656,0,,656,17,,656,0,,656,0,,656,0,,656,6
657,0,,657,36,,657,0,,657,0,,657,0,,657,10
658,0,,658,23,,658,0,,658,0,,658,0,,658,4
659,0,,659,30,,659,0,,659,0,,659,0,,659,7
660,0,,660,19,,660,0,,660,0,,660,0,,660,8
661,0,,661,16,,661,0,,661,0,,661,0,,661,10
662,0,,662,13,,662,0,,662,0,,662,0,,662,5
663,0,,663,17,,663,0,,663,0,,663,0,,663,6
664,0,,664,17,,664,0,,664,0,,664,0,,664,11
665,0,,665,14,,665,0,,665,0,,665,0,,665,5
666,0,,666,10,,666,0,,666,0,,666,0,,666,6
667,0,,667,17,,667,0,,667,0,,667,0,,667,9
668,0,,668,21,,668,0,,668,0,,668,0,,668,7
669,0,,669,8,,669,0,,669,0,,669,0,,669,7
670,0,,670,9,,670,0,,670,0,,670,0,,670,12
671,0,,671,7,,671,0,,671,0,,671,0,,671,7
672,0,,672,12,,672,0,,672,0,,672,0,,672,10
673,0,,673,5,,673,0,,673,0,,673,0,,673,10
674,0,,674,4,,674,0,,674,0,,674,0,,674,5
675,0,,675,7,,675,0,,675,0,,675,0,,675,4
676,0,,676,7,,676,0,,676,0,,676,0,,676,8
677,0,,677,4,,677,0,,677,0,,677,0,,677,14
678,0,,678,5,,678,0,,678,0,,678,0,,678,5
679,0,,679,4,,679,0,,679,0,,679,0,,679,4
680,0,,680,5,,680,0,,680,0,,680,0,,680,11
681,0,,681,2,,681,0,,681,0,,681,0,,681,9
682,0,,682,4,,682,0,,682,0,,682,0,,682,6
683,0,,683,2,,683,0,,683,0,,683,0,,683,6
684,0,,684,2,,684,0,,684,0,,684,0,,684,10
685,0,,685,4,,685,0,,685,0,,685,0,,685,8
686,0,,686,1,,686,0,,686,0,,686,0,,686,3
687,0,,687,0,,687,0,,687,0,,687,0,,687,8
688,0,,688,0,,688,0,,688,0,,688,0,,688,6
689,0,,689,0,,689,0,,689,0,,689,0,,689,7
690,0,,690,1,,690,0,,690,0,,690,0,,690,10
691,0,,691,2,,691,0,,691,0,,691,0,,691,4
692,0,,692,1,,692,0,,692,0,,692,0,,692,4
693,0,,693,3,,693,0,,693,0,,693,0,,693,11
694,0,,694,0,,694,0,,694,0,,694,0,,694,7
695,0,,695,1,,695,0,,695,0,,695,0,,695,6
696,0,,696,0,,696,0,,696,0,,696,0,,696,3
697,0,,697,4,,697,0,,697,0,,697,0,,697,13
698,0,,698,2,,698,0,,698,0,,698,0,,698,4
699,0,,699,0,,699,0,,699,0,,699,0,,699,10
700,0,,700,2,,700,0,,700,0,,700,0,,700,5
701,0,,701,0,,701,0,,701,0,,701,0,,701,10
702,0,,702,2,,702,0,,702,0,,702,0,,702,11
703,0,,703,6,,703,0,,703,0,,703,0,,703,12
704,0,,704,2,,704,0,,704,0,,704,0,,704,6
705,0,,705,3,,705,0,,705,0,,705,0,,705,12
706,0,,706,8,,706,0,,706,0,,706,0,,706,9
707,0,,707,3,,707,0,,707,0,,707,0,,707,6
708,0,,708,1,,708,0,,708,0,,708,0,,708,9
709,0,,709,2,,709,0,,709,0,,709,0,,709,6
710,0,,710,3,,710,0,,710,0,,710,0,,710,8
711,0,,711,3,,711,0,,711,0,,711,0,,711,10
712,0,,712,7,,712,0,,712,0,,712,0,,712,8
713,0,,713,5,,713,0,,713,0,,713,0,,713,6
714,0,,714,10,,714,0,,714,0,,714,0,,714,6
715,0,,715,5,,715,0,,715,0,,715,0,,715,9
716,0,,716,7,,716,0,,716,0,,716,0,,716,8
717,0,,717,3,,717,0,,717,0,,717,0,,717,3
718,0,,718,6,,718,0,,718,0,,718,0,,718,10
719,0,,719,8,,719,0,,719,0,,719,0,,719,8
720,0,,720,7,,720,0,,720,0,,720,0,,720,5
721,0,,721,6,,721,0,,721,0,,721,0,,721,5
722,0,,722,8,,722,0,,722,0,,722,0,,722,12
723,0,,723,6,,723,0,,723,0,,723,0,,723,8
724,0,,724,11,,724,0,,724,0,,724,0,,724,10
725,0,,725,10,,725,0,,725,0,,725,0,,725,10
726,0,,726,14,,726,0,,726,0,,726,0,,726,7
727,0,,727,10,,727,0,,727,0,,727,0,,727,11
728,0,,728,9,,728,0,,728,0,,728,0,,728,11
729,0,,729,4,,729,0,,729,0,,729,0,,729,9
730,0,,730,13,,730,0,,730,0,,730,0,,730,12
731,0,,731,11,,731,0,,731,0,,731,0,,731,13
732,0,,732,15,,732,0,,732,0,,732,0,,732,10
733,0,,733,11,,733,0,,733,0,,733,0,,733,8
734,0,,734,13,,734,0,,734,0,,734,0,,734,8
735,0,,735,17,,735,0,,735,0,,735,0,,735,8
736,0,,736,17,,736,0,,736,0,,736,0,,736,7
737,0,,737,24,,737,0,,737,0,,737,0,,737,6
738,0,,738,19,,738,0,,738,0,,738,0,,738,8
739,0,,739,13,,739,0,,739,0,,739,0,,739,4
740,0,,740,20,,740,0,,740,0,,740,0,,740,9
741,0,,741,19,,741,0,,741,0,,741,0,,741,4
742,0,,742,20,,742,0,,742,0,,742,0,,742,4
743,0,,743,21,,743,0,,743,0,,743,0,,743,6
744,0,,744,27,,744,0,,744,0,,744,0,,744,9
745,0,,745,19,,745,0,,745,0,,745,0,,745,9
746,0,,746,23,,746,0,,746,0,,746,0,,746,5
747,0,,747,23,,747,0,,747,0,,747,0,,747,7
748,0,,748,26,,748,0,,748,0,,748,0,,748,2
749,0,,749,25,,749,0,,749,0,,749,0,,749,8
750,0,,750,26,,750,0,,750,0,,750,0,,750,7
751,0,,751,26,,751,0,,751,0,,751,0,,751,7
752,0,,752,28,,752,0,,752,0,,752,0,,752,2
753,0,,753,21,,753,0,,753,0,,753,0,,753,13
754,0,,754,33,,754,0,,754,0,,754,0,,754,5
755,0,,755,25,,755,0,,755,0,,755,0,,755,5
756,0,,756,21,,756,0,,756,0,,756,0,,756,6
757,0,,757,28,,757,0,,757,0,,757,0,,757,9
758,0,,758,30,,758,0,,758,0,,758,0,,758,12
759,0,,759,24,,759,0,,759,0,,759,0,,759,7
760,0,,760,27,,760,0,,760,0,,760,0,,760,7
761,0,,761,15,,761,0,,761,0,,761,0,,761,9
762,0,,762,25,,762,0,,762,0,,762,0,,762,5
763,0,,763,25,,763,0,,763,0,,763,0,,763,9
764,0,,764,17,,764,0,,764,0,,764,0,,764,5
765,0,,765,28,,765,0,,765,0,,765,0,,765,10
766,0,,766,14,,766,0,,766,0,,766,0,,766,7
767,0,,767,25,,767,0,,767,0,,767,0,,767,11
768,0,,768,17,,768,0,,768,0,,768,0,,768,7
769,0,,769,16,,769,0,,769,0,,769,0,,769,6
770,0,,770,28,,770,0,,770,0,,770,0,,770,7
771,0,,771,18,,771,0,,771,0,,771,0,,771,4
772,0,,772,14,,772,0,,772,0,,772,0,,772,8
773,0,,773,14,,773,0,,773,0,,773,0,,773,11
774,0,,774,15,,774,0,,774,0,,774,0,,774,10
775,0,,775,15,,775,0,,775,0,,775,0,,775,9
776,0,,776,5,,776,0,,776,0,,776,0,,776,6
777,0,,777,17,,777,0,,777,0,,777,0,,777,10
778,0,,778,11,,778,0,,778,0,,778,0,,778,6
779,0,,779,8,,779,0,,779,0,,779,0,,779,11
780,0,,780,3,,780,0,,780,0,,780,0,,780,9
781,0,,781,8,,781,0,,781,0,,781,0,,781,6
782,0,,782,8,,782,0,,782,0,,782,0,,782,3
783,0,,783,3,,783,0,,783,0,,783,0,,783,5
784,0,,784,3,,784,0,,784,0,,784,0,,784,7
785,0,,785,4,,785,0,,785,0,,785,0,,785,3
786,0,,786,5,,786,0,,786,0,,786,0,,786,8
787,0,,787,0,,787,0,,787,0,,787,0,,787,10
788,0,,788,3,,788,0,,788,0,,788,0,,788,6
789,0,,789,2,,789,0,,789,0,,789,0,,789,10
790,0,,790,1,,790,0,,790,0,,790,0,,790,9
791,0,,791,3,,791,0,,791,0,,791,0,,791,8
792,0,,792,2,,792,0,,792,0,,792,0,,792,8
793,0,,793,3,,793,0,,793,0,,793,0,,793,6
794,0,,794,1,,794,0,,794,0,,794,0,,794,10
795,0,,795,1,,795,0,,795,0,,795,0,,795,5
796,0,,796,2,,796,0,,796,0,,796,0,,796,9
797,0,,797,3,,797,0,,797,0,,797,0,,797,4
798,0,,798,0,,798,0,,798,0,,798,0,,798,6
799,0,,799,0,,799,0,,799,0,,799,0,,799,5
800,0,,800,0,,800,0,,800,0,,800,0,,800,14
801,0,,801,1,,801,0,,801,0,,801,0,,801,9
802,0,,802,0,,802,0,,802,0,,802,0,,802,5
803,0,,803,1,,803,0,,803,0,,803,0,,803,4
804,0,,804,0,,804,0,,804,0,,804,0,,804,6
805,0,,805,0,,805,0,,805,0,,805,0,,805,7
806,0,,806,1,,806,0,,806,0,,806,0,,806,11
807,0,,807,0,,807,0,,807,0,,807,0,,807,8
808,0,,808,1,,808,0,,808,0,,808,0,,808,5
809,0,,809,1,,809,0,,809,0,,809,0,,809,3
810,0,,810,0,,810,0,,810,0,,810,0,,810,14
811,0,,811,1,,811,0,,811,0,,811,0,,811,6
812,0,,812,1,,812,0,,812,0,,812,0,,812,8
813,0,,813,2,,813,0,,813,0,,813,0,,813,10
814,0,,814,3,,814,0,,814,0,,814,0,,814,6
815,0,,815,1,,815,0,,815,0,,815,0,,815,10
816,0,,816,0,,816,0,,816,0,,816,0,,816,5
817,0,,817,0,,817,0,,817,0,,817,0,,817,18
818,0,,818,5,,818,0,,818,0,,818,0,,818,13
819,0,,819,2,,819,0,,819,0,,819,0,,819,6
820,0,,820,4,,820,0,,820,0,,820,0,,820,7
821,0,,821,2,,821,0,,821,0,,821,0,,821,12
822,0,,822,2,,822,0,,822,0,,822,0,,822,12
823,0,,823,4,,823,0,,823,0,,823,0,,823,7
824,0,,824,7,,824,0,,824,0,,824,0,,824,4
825,0,,825,4,,825,0,,825,0,,825,0,,825,6
826,0,,826,5,,826,0,,826,0,,826,0,,826,9
827,0,,827,6,,827,0,,827,0,,827,0,,827,4
828,0,,828,5,,828,0,,828,0,,828,0,,828,6
829,0,,829,3,,829,0,,829,0,,829,0,,829,9
830,0,,830,15,,830,0,,830,0,,830,0,,830,9
831,0,,831,5,,831,0,,831,0,,831,0,,831,9
832,0,,832,7,,832,0,,832,0,,832,0,,832,8
833,0,,833,11,,833,0,,833,0,,833,0,,833,7
834,0,,834,9,,834,0,,834,0,,834,0,,834,7
835,0,,835,11,,835,0,,835,0,,835,0,,835,11
836,0,,836,14,,836,0,,836,0,,836,0,,836,7
837,0,,837,12,,837,0,,837,0,,837,0,,837,9
838,0,,838,10,,838,0,,838,0,,838,0,,838,8
839,0,,839,9,,839,0,,839,0,,839,0,,839,7
840,0,,840,11,,840,0,,840,0,,840,0,,840,8
841,0,,841,17,,841,0,,841,0,,841,0,,841,4
842,0,,842,14,,842,0,,842,0,,842,0,,842,9
843,0,,843,12,,843,0,,843,0,,843,0,,843,12
844,0,,844,12,,844,0,,844,0,,844,0,,844,9
845,0,,845,15,,845,0,,845,0,,845,0,,845,8
846,0,,846,12,,846,0,,846,0,,846,0,,846,7
847,0,,847,19,,847,0,,847,0,,847,0,,847,7
848,0,,848,21,,848,0,,848,0,,848,0,,848,6
849,0,,849,15,,849,0,,849,0,,849,0,,849,8
850,0,,850,16,,850,0,,850,0,,850,0,,850,8
851,0,,851,19,,851,0,,851,0,,851,0,,851,10
852,0,,852,19,,852,0,,852,0,,852,0,,852,11
853,0,,853,17,,853,0,,853,0,,853,0,,853,9
854,0,,854,24,,854,0,,854,0,,854,0,,854,10
855,0,,855,16,,855,0,,855,0,,855,0,,855,8
856,0,,856,22,,856,0,,856,0,,856,0,,856,7
857,0,,857,11,,857,0,,857,0,,857,0,,857,8
858,0,,858,14,,858,0,,858,0,,858,0,,858,3
859,0,,859,16,,859,0,,859,0,,859,0,,859,11
860,0,,860,21,,860,0,,860,0,,860,0,,860,9
861,0,,861,19,,861,0,,861,0,,861,0,,861,6
862,0,,862,15,,862,0,,862,0,,862,0,,862,7
863,0,,863,17,,863,0,,863,0,,863,0,,863,5
864,0,,864,23,,864,0,,864,0,,864,0,,864,2
865,0,,865,20,,865,0,,865,0,,865,0,,865,5
866,0,,866,12,,866,0,,866,0,,866,0,,866,9
867,0,,867,18,,867,0,,867,0,,867,0,,867,11
868,0,,868,25,,868,0,,868,0,,868,0,,868,5
869,0,,869,23,,869,0,,869,0,,869,0,,869,11
870,0,,870,20,,870,0,,870,0,,870,0,,870,5
871,0,,871,13,,871,0,,871,0,,871,0,,871,7
872,0,,872,21,,872,0,,872,0,,872,0,,872,10
873,0,,873,16,,873,0,,873,0,,873,0,,873,11
874,0,,874,12,,874,0,,874,0,,874,0,,874,6
875,0,,875,12,,875,0,,875,0,,875,0,,875,8
876,0,,876,18,,876,0,,876,0,,876,0,,876,8
877,0,,877,9,,877,0,,877,0,,877,0,,877,14
878,0,,878,13,,878,0,,878,0,,878,0,,878,8
879,0,,879,11,,879,0,,879,0,,879,0,,879,9
880,0,,880,12,,880,0,,880,0,,880,0,,880,2
881,0,,881,9,,881,0,,881,0,,881,0,,881,2
882,0,,882,10,,882,0,,882,0,,882,0,,882,5
883,0,,883,5,,883,0,,883,0,,883,0,,883,11
884,0,,884,15,,884,0,,884,0,,884,0,,884,10
885,0,,885,12,,885,0,,885,0,,885,0,,885,7
886,0,,886,5,,886,0,,886,0,,886,0,,886,6
887,0,,887,10,,887,0,,887,0,,887,0,,887,2
888,0,,888,7,,888,0,,888,0,,888,0,,888,9
889,0,,889,5,,889,0,,889,0,,889,0,,889,9
890,0,,890,4,,890,0,,890,0,,890,0,,890,6
891,0,,891,2,,891,0,,891,0,,891,0,,891,3
892,0,,892,3,,892,0,,892,0,,892,0,,892,4
893,0,,893,7,,893,0,,893,0,,893,0,,893,12
894,0,,894,1,,894,0,,894,0,,894,0,,894,11
895,0,,895,4,,895,0,,895,0,,895,0,,895,9
896,0,,896,2,,896,0,,896,0,,896,0,,896,7
897,0,,897,3,,897,0,,897,0,,897,0,,897,7
898,0,,898,4,,898,0,,898,0,,898,0,,898,9
899,0,,899,1,,899,0,,899,0,,899,0,,899,9
900,0,,900,2,,900,0,,900,0,,900,0,,900,9
901,0,,901,1,,901,0,,901,0,,901,0,,901,9
902,0,,902,0,,902,0,,902,0,,902,0,,902,4
903,0,,903,1,,903,0,,903,0,,903,0,,903,4
904,0,,904,4,,904,0,,904,0,,904,0,,904,5
905,0,,905,3,,905,0,,905,0,,905,0,,905,10
906,0,,906,2,,906,0,,906,0,,906,0,,906,5
907,0,,907,0,,907,0,,907,0,,907,0,,907,7
908,0,,908,1,,908,0,,908,0,,908,0,,908,9
909,0,,909,0,,909,0,,909,0,,909,0,,909,1
910,0,,910,0,,910,0,,910,0,,910,0,,910,7
911,0,,911,1,,911,0,,911,0,,911,0,,911,5
912,0,,912,1,,912,0,,912,0,,912,0,,912,8
913,0,,913,1,,913,0,,913,0,,913,0,,913,9
914,0,,914,0,,914,0,,914,0,,914,0,,914,9
915,0,,915,1,,915,0,,915,0,,915,0,,915,7
916,0,,916,3,,916,0,,916,0,,916,0,,916,12
917,0,,917,1,,917,0,,917,0,,917,0,,917,10
918,0,,918,0,,918,0,,918,0,,918,0,,918,4
919,0,,919,1,,919,0,,919,0,,919,0,,919,5
920,0,,920,1,,920,0,,920,0,,920,0,,920,9
921,0,,921,1,,921,0,,921,0,,921,0,,921,6
922,0,,922,2,,922,0,,922,0,,922,0,,922,12
923,0,,923,2,,923,0,,923,0,,923,0,,923,8
924,0,,924,1,,924,0,,924,0,,924,0,,924,6
925,0,,925,4,,925,0,,925,0,,925,0,,925,8
926,0,,926,1,,926,0,,926,0,,926,0,,926,5
927,0,,927,4,,927,0,,927,0,,927,0,,927,3
928,0,,928,1,,928,0,,928,0,,928,0,,928,11
929,0,,929,1,,929,0,,929,0,,929,0,,929,10
930,0,,930,1,,930,0,,930,0,,930,0,,930,6
931,0,,931,2,,931,0,,931,0,,931,0,,931,3
932,0,,932,1,,932,0,,932,0,,932,0,,932,9
933,0,,933,5,,933,0,,933,0,,933,0,,933,11
934,0,,934,2,,934,0,,934,0,,934,0,,934,2
935,0,,935,4,,935,0,,935,0,,935,0,,935,9
936,0,,936,1,,936,0,,936,0,,936,0,,936,9
937,0,,937,4,,937,0,,937,0,,937,0,,937,4
938,0,,938,6,,938,0,,938,0,,938,0,,938,12
939,0,,939,10,,939,0,,939,0,,939,0,,939,9
940,0,,940,1,,940,0,,940,0,,940,0,,940,5
941,0,,941,8,,941,0,,941,0,,941,0,,941,5
942,0,,942,3,,942,0,,942,0,,942,0,,942,8
943,0,,943,9,,943,0,,943,0,,943,0,,943,13
944,0,,944,3,,944,0,,944,0,,944,0,,944,6
945,0,,945,8,,945,0,,945,0,,945,0,,945,9
946,0,,946,6,,946,0,,946,0,,946,0,,946,5
947,0,,947,4,,947,0,,947,0,,947,0,,947,8
948,0,,948,6,,948,0,,948,0,,948,0,,948,5
949,0,,949,9,,949,0,,949,0,,949,0,,949,8
950,0,,950,5,,950,0,,950,0,,950,0,,950,4
951,0,,951,4,,951,0,,951,0,,951,0,,951,7
952,0,,952,8,,952,0,,952,0,,952,0,,952,6
953,0,,953,9,,953,0,,953,0,,953,0,,953,5
954,0,,954,6,,954,0,,954,0,,954,0,,954,5
955,0,,955,6,,955,0,,955,0,,955,0,,955,11
956,0,,956,8,,956,0,,956,0,,956,0,,956,11
957,0,,957,15,,957,0,,957,0,,957,0,,957,7
958,0,,958,9,,958,0,,958,0,,958,0,,958,11
959,0,,959,18,,959,0,,959,0,,959,0,,959,3
960,0,,960,20,,960,0,,960,0,,960,0,,960,12
961,0,,961,14,,961,0,,961,0,,961,0,,961,4
962,0,,962,7,,962,0,,962,0,,962,0,,962,8
963,0,,963,11,,963,0,,963,0,,963,0,,963,8
964,0,,964,12,,964,0,,964,0,,964,0,,964,8
965,0,,965,8,,965,0,,965,0,,965,0,,965,5
966,0,,966,13,,966,0,,966,0,,966,0,,966,7
967,0,,967,17,,967,0,,967,0,,967,0,,967,6
968,0,,968,11,,968,0,,968,0,,968,0,,968,10
969,0,,969,12,,969,0,,969,0,,969,0,,969,5
970,0,,970,16,,970,0,,970,0,,970,0,,970,8
971,0,,971,19,,971,0,,971,0,,971,0,,971,2
972,0,,972,10,,972,0,,972,0,,972,0,,972,4
973,0,,973,19,,973,0,,973,0,,973,0,,973,5
974,0,,974,11,,974,0,,974,0,,974,0,,974,6
975,0,,975,15,,975,0,,975,0,,975,0,,975,7
976,0,,976,9,,976,0,,976,0,,976,0,,976,9
977,0,,977,13,,977,0,,977,0,,977,0,,977,9
978,0,,978,10,,978,0,,978,0,,978,0,,978,4
979,0,,979,13,,979,0,,979,0,,979,0,,979,6
980,0,,980,6,,980,0,,980,0,,980,0,,980,9
981,0,,981,8,,981,0,,981,0,,981,0,,981,9
982,0,,982,7,,982,0,,982,0,,982,0,,982,11
983,0,,983,15,,983,0,,983,0,,983,0,,983,8
984,0,,984,12,,984,0,,984,0,,984,0,,984,10
985,0,,985,12,,985,0,,985,0,,985,0,,985,7
986,0,,986,12,,986,0,,986,0,,986,0,,986,1
987,0,,987,6,,987,0,,987,0,,987,0,,987,11
988,0,,988,11,,988,0,,988,0,,988,0,,988,6
989,0,,989,9,,989,0,,989,0,,989,0,,989,8
990,0,,990,6,,990,0,,990,0,,990,0,,990,3
991,0,,991,5,,991,0,,991,0,,991,0,,991,8
992,0,,992,8,,992,0,,992,0,,992,0,,992,7
993,0,,993,11,,993,0,,993,0,,993,0,,993,11
994,0,,994,5,,994,0,,994,0,,994,0,,994,11
995,0,,995,4,,995,0,,995,0,,995,0,,995,4
996,0,,996,0,,996,0,,996,0,,996,0,,996,10